timestamp,source,query,file,status,notes
2025-10-03T19:42:14.057853,pubmed,covid-19,C:\MyFolder\ProjekTipis\healtify-app\training\data\raw\pubmed_covid-19_1759520534.xml,success,5 articles retrieved.
2025-10-03T19:42:16.312860,crossref,covid-19,C:\MyFolder\ProjekTipis\healtify-app\training\data\raw\crossref_covid-19_1759520536.json,success,5 articles retrieved.
2025-10-03T19:54:20.443818+00:00,pubmed,covid-19,C:\MyFolder\ProjekTipis\healtify-app\training\data\raw\pubmed_covid-19_1759521260.xml,success,5 articles retrieved.
2025-10-03T19:54:22.552924+00:00,crossref,covid-19,C:\MyFolder\ProjekTipis\healtify-app\training\data\raw\crossref_covid-19_1759521262.json,success,5 articles retrieved.
2025-10-03T19:54:25.168012+00:00,semantic_scholar,covid-19,,error,400 Client Error: Bad Request for url: https://api.semanticscholar.org/graph/v1/paper/search?query=covid-19&limit=5&fields=title%2Cabstract%2Cauthors%2Cyear%2Cdoi%2Curl
2025-10-03T19:54:28.345106+00:00,pubmed,machine learning in healthcare,C:\MyFolder\ProjekTipis\healtify-app\training\data\raw\pubmed_machine_learning_in_healthcare_1759521268.xml,success,5 articles retrieved.
2025-10-03T19:54:30.360009+00:00,crossref,machine learning in healthcare,C:\MyFolder\ProjekTipis\healtify-app\training\data\raw\crossref_machine_learning_in_healthcare_1759521270.json,success,5 articles retrieved.
2025-10-03T19:54:32.724240+00:00,semantic_scholar,machine learning in healthcare,,error,400 Client Error: Bad Request for url: https://api.semanticscholar.org/graph/v1/paper/search?query=machine+learning+in+healthcare&limit=5&fields=title%2Cabstract%2Cauthors%2Cyear%2Cdoi%2Curl
2025-10-03T19:54:36.178716+00:00,pubmed,causes of diabetes,C:\MyFolder\ProjekTipis\healtify-app\training\data\raw\pubmed_causes_of_diabetes_1759521276.xml,success,5 articles retrieved.
2025-10-03T19:54:38.184292+00:00,crossref,causes of diabetes,C:\MyFolder\ProjekTipis\healtify-app\training\data\raw\crossref_causes_of_diabetes_1759521278.json,success,5 articles retrieved.
2025-10-03T19:54:40.722637+00:00,semantic_scholar,causes of diabetes,,error,400 Client Error: Bad Request for url: https://api.semanticscholar.org/graph/v1/paper/search?query=causes+of+diabetes&limit=5&fields=title%2Cabstract%2Cauthors%2Cyear%2Cdoi%2Curl
2025-10-03T19:54:44.213714+00:00,pubmed,mental health and exercise,C:\MyFolder\ProjekTipis\healtify-app\training\data\raw\pubmed_mental_health_and_exercise_1759521284.xml,success,5 articles retrieved.
2025-10-03T19:54:46.217960+00:00,crossref,mental health and exercise,C:\MyFolder\ProjekTipis\healtify-app\training\data\raw\crossref_mental_health_and_exercise_1759521286.json,success,5 articles retrieved.
2025-10-03T19:54:48.670042+00:00,semantic_scholar,mental health and exercise,,error,400 Client Error: Bad Request for url: https://api.semanticscholar.org/graph/v1/paper/search?query=mental+health+and+exercise&limit=5&fields=title%2Cabstract%2Cauthors%2Cyear%2Cdoi%2Curl
2025-10-03T20:31:32.454413+00:00,pubmed,covid-19,C:\MyFolder\ProjekTipis\healtify-app\training\data\raw\pubmed_covid-19_1759523492.xml,success,5 articles retrieved.
2025-10-03T20:48:25.518494+00:00,pubmed,covid-19,C:\MyFolder\ProjekTipis\healtify-app\training\data\raw\pubmed_covid-19_1759524505.xml,success,5 articles retrieved.
2025-10-03T20:48:27.661764+00:00,crossref,covid-19,C:\MyFolder\ProjekTipis\healtify-app\training\data\raw\crossref_covid-19_1759524507.json,success,5 articles retrieved.
2025-10-03T20:48:30.241471+00:00,semantic_scholar,covid-19,,error,400 Client Error: Bad Request for url: https://api.semanticscholar.org/graph/v1/paper/search?query=covid-19&limit=5&fields=title%2Cabstract%2Cauthors%2Cyear%2Cdoi%2Curl
2025-10-03T20:48:33.364598+00:00,pubmed,machine learning in healthcare,C:\MyFolder\ProjekTipis\healtify-app\training\data\raw\pubmed_machine_learning_in_healthcare_1759524513.xml,success,5 articles retrieved.
2025-10-03T20:48:35.360288+00:00,crossref,machine learning in healthcare,C:\MyFolder\ProjekTipis\healtify-app\training\data\raw\crossref_machine_learning_in_healthcare_1759524515.json,success,5 articles retrieved.
2025-10-03T20:48:37.743210+00:00,semantic_scholar,machine learning in healthcare,,error,400 Client Error: Bad Request for url: https://api.semanticscholar.org/graph/v1/paper/search?query=machine+learning+in+healthcare&limit=5&fields=title%2Cabstract%2Cauthors%2Cyear%2Cdoi%2Curl
2025-10-03T20:48:41.494427+00:00,pubmed,causes of diabetes,C:\MyFolder\ProjekTipis\healtify-app\training\data\raw\pubmed_causes_of_diabetes_1759524521.xml,success,5 articles retrieved.
2025-10-03T20:48:43.569531+00:00,crossref,causes of diabetes,C:\MyFolder\ProjekTipis\healtify-app\training\data\raw\crossref_causes_of_diabetes_1759524523.json,success,5 articles retrieved.
2025-10-03T20:48:46.006747+00:00,semantic_scholar,causes of diabetes,,error,400 Client Error: Bad Request for url: https://api.semanticscholar.org/graph/v1/paper/search?query=causes+of+diabetes&limit=5&fields=title%2Cabstract%2Cauthors%2Cyear%2Cdoi%2Curl
2025-10-03T20:48:49.462373+00:00,pubmed,mental health and exercise,C:\MyFolder\ProjekTipis\healtify-app\training\data\raw\pubmed_mental_health_and_exercise_1759524529.xml,success,5 articles retrieved.
2025-10-03T20:48:51.473799+00:00,crossref,mental health and exercise,C:\MyFolder\ProjekTipis\healtify-app\training\data\raw\crossref_mental_health_and_exercise_1759524531.json,success,5 articles retrieved.
2025-10-03T20:48:53.776528+00:00,semantic_scholar,mental health and exercise,,error,400 Client Error: Bad Request for url: https://api.semanticscholar.org/graph/v1/paper/search?query=mental+health+and+exercise&limit=5&fields=title%2Cabstract%2Cauthors%2Cyear%2Cdoi%2Curl
2025-10-03T20:49:12.419274+00:00,pubmed,covid-19,C:\MyFolder\ProjekTipis\healtify-app\training\data\raw\pubmed_covid-19_1759524552.xml,success,5 articles retrieved.
2025-10-03T20:49:14.423805+00:00,crossref,covid-19,C:\MyFolder\ProjekTipis\healtify-app\training\data\raw\crossref_covid-19_1759524554.json,success,5 articles retrieved.
2025-10-03T20:49:21.022748+00:00,semantic_scholar,covid-19,,error,400 Client Error: Bad Request for url: https://api.semanticscholar.org/graph/v1/paper/search?query=covid-19&limit=5&fields=title%2Cabstract%2Cauthors%2Cyear%2Cdoi%2Curl
2025-10-03T20:49:24.126992+00:00,pubmed,machine learning in healthcare,C:\MyFolder\ProjekTipis\healtify-app\training\data\raw\pubmed_machine_learning_in_healthcare_1759524564.xml,success,5 articles retrieved.
2025-10-03T20:49:26.157148+00:00,crossref,machine learning in healthcare,C:\MyFolder\ProjekTipis\healtify-app\training\data\raw\crossref_machine_learning_in_healthcare_1759524566.json,success,5 articles retrieved.
2025-10-03T20:49:32.705904+00:00,semantic_scholar,machine learning in healthcare,,error,400 Client Error: Bad Request for url: https://api.semanticscholar.org/graph/v1/paper/search?query=machine+learning+in+healthcare&limit=5&fields=title%2Cabstract%2Cauthors%2Cyear%2Cdoi%2Curl
2025-10-03T20:49:36.188248+00:00,pubmed,causes of diabetes,C:\MyFolder\ProjekTipis\healtify-app\training\data\raw\pubmed_causes_of_diabetes_1759524576.xml,success,5 articles retrieved.
2025-10-03T20:49:38.285845+00:00,crossref,causes of diabetes,C:\MyFolder\ProjekTipis\healtify-app\training\data\raw\crossref_causes_of_diabetes_1759524578.json,success,5 articles retrieved.
2025-10-03T20:49:44.632658+00:00,semantic_scholar,causes of diabetes,,error,400 Client Error: Bad Request for url: https://api.semanticscholar.org/graph/v1/paper/search?query=causes+of+diabetes&limit=5&fields=title%2Cabstract%2Cauthors%2Cyear%2Cdoi%2Curl
2025-10-03T20:49:48.139553+00:00,pubmed,mental health and exercise,C:\MyFolder\ProjekTipis\healtify-app\training\data\raw\pubmed_mental_health_and_exercise_1759524588.xml,success,5 articles retrieved.
2025-10-03T20:49:50.162102+00:00,crossref,mental health and exercise,C:\MyFolder\ProjekTipis\healtify-app\training\data\raw\crossref_mental_health_and_exercise_1759524590.json,success,5 articles retrieved.
2025-10-03T20:49:56.472969+00:00,semantic_scholar,mental health and exercise,,error,400 Client Error: Bad Request for url: https://api.semanticscholar.org/graph/v1/paper/search?query=mental+health+and+exercise&limit=5&fields=title%2Cabstract%2Cauthors%2Cyear%2Cdoi%2Curl
2025-10-03T20:50:05.992416+00:00,pubmed,covid-19,C:\MyFolder\ProjekTipis\healtify-app\training\data\raw\pubmed_covid-19_1759524605.xml,success,5 articles retrieved.
2025-10-03T20:50:14.196782+00:00,crossref,covid-19,C:\MyFolder\ProjekTipis\healtify-app\training\data\raw\crossref_covid-19_1759524614.json,success,5 articles retrieved.
2025-10-03T20:50:20.661454+00:00,semantic_scholar,covid-19,,error,400 Client Error: Bad Request for url: https://api.semanticscholar.org/graph/v1/paper/search?query=covid-19&limit=5&fields=title%2Cabstract%2Cauthors%2Cyear%2Cdoi%2Curl%2Cvenue
2025-10-03T20:50:23.812217+00:00,pubmed,machine learning in healthcare,C:\MyFolder\ProjekTipis\healtify-app\training\data\raw\pubmed_machine_learning_in_healthcare_1759524623.xml,success,5 articles retrieved.
2025-10-03T20:50:26.079071+00:00,crossref,machine learning in healthcare,C:\MyFolder\ProjekTipis\healtify-app\training\data\raw\crossref_machine_learning_in_healthcare_1759524626.json,success,5 articles retrieved.
2025-10-03T20:50:32.636980+00:00,semantic_scholar,machine learning in healthcare,,error,400 Client Error: Bad Request for url: https://api.semanticscholar.org/graph/v1/paper/search?query=machine+learning+in+healthcare&limit=5&fields=title%2Cabstract%2Cauthors%2Cyear%2Cdoi%2Curl%2Cvenue
2025-10-03T20:50:36.188082+00:00,pubmed,causes of diabetes,C:\MyFolder\ProjekTipis\healtify-app\training\data\raw\pubmed_causes_of_diabetes_1759524636.xml,success,5 articles retrieved.
2025-10-03T20:50:38.196498+00:00,crossref,causes of diabetes,C:\MyFolder\ProjekTipis\healtify-app\training\data\raw\crossref_causes_of_diabetes_1759524638.json,success,5 articles retrieved.
2025-10-03T20:50:44.820301+00:00,semantic_scholar,causes of diabetes,,error,400 Client Error: Bad Request for url: https://api.semanticscholar.org/graph/v1/paper/search?query=causes+of+diabetes&limit=5&fields=title%2Cabstract%2Cauthors%2Cyear%2Cdoi%2Curl%2Cvenue
2025-10-03T20:50:48.341223+00:00,pubmed,mental health and exercise,C:\MyFolder\ProjekTipis\healtify-app\training\data\raw\pubmed_mental_health_and_exercise_1759524648.xml,success,5 articles retrieved.
2025-10-03T20:50:50.604052+00:00,crossref,mental health and exercise,C:\MyFolder\ProjekTipis\healtify-app\training\data\raw\crossref_mental_health_and_exercise_1759524650.json,success,5 articles retrieved.
2025-10-03T20:50:57.070458+00:00,semantic_scholar,mental health and exercise,,error,400 Client Error: Bad Request for url: https://api.semanticscholar.org/graph/v1/paper/search?query=mental+health+and+exercise&limit=5&fields=title%2Cabstract%2Cauthors%2Cyear%2Cdoi%2Curl%2Cvenue
2025-10-03T20:57:20.247083+00:00,pubmed,covid-19,C:\MyFolder\ProjekTipis\healtify-app\training\data\raw\pubmed_covid-19_1759525040.xml,success,5 articles retrieved.
2025-10-03T20:57:22.392311+00:00,crossref,covid-19,C:\MyFolder\ProjekTipis\healtify-app\training\data\raw\crossref_covid-19_1759525042.json,success,5 articles retrieved.
2025-10-03T20:57:25.931252+00:00,semantic_scholar,covid-19,,detail_error_400,"{""error"":""Unrecognized or unsupported fields: [doi]""}
"
2025-10-03T20:57:27.049965+00:00,semantic_scholar,covid-19,,detail_error_400,"{""error"":""Unrecognized or unsupported fields: [doi]""}
"
2025-10-03T20:57:27.930064+00:00,semantic_scholar,covid-19,,detail_error_400,"{""error"":""Unrecognized or unsupported fields: [doi]""}
"
2025-10-03T20:57:28.833483+00:00,semantic_scholar,covid-19,,detail_error_400,"{""error"":""Unrecognized or unsupported fields: [doi]""}
"
2025-10-03T20:57:29.714454+00:00,semantic_scholar,covid-19,,detail_error_400,"{""error"":""Unrecognized or unsupported fields: [doi]""}
"
2025-10-03T20:57:29.916290+00:00,semantic_scholar,covid-19,C:\MyFolder\ProjekTipis\healtify-app\training\data\raw\semantic_scholar_covid-19_1759525049.json,success,"search_returned:5, details_returned:0"
2025-10-03T20:57:33.061007+00:00,pubmed,machine learning in healthcare,C:\MyFolder\ProjekTipis\healtify-app\training\data\raw\pubmed_machine_learning_in_healthcare_1759525053.xml,success,5 articles retrieved.
2025-10-03T20:57:35.093198+00:00,crossref,machine learning in healthcare,C:\MyFolder\ProjekTipis\healtify-app\training\data\raw\crossref_machine_learning_in_healthcare_1759525055.json,success,5 articles retrieved.
2025-10-03T20:57:37.666395+00:00,semantic_scholar,machine learning in healthcare,,detail_error_400,"{""error"":""Unrecognized or unsupported fields: [doi]""}
"
2025-10-03T20:57:38.549859+00:00,semantic_scholar,machine learning in healthcare,,detail_error_400,"{""error"":""Unrecognized or unsupported fields: [doi]""}
"
2025-10-03T20:57:39.095553+00:00,semantic_scholar,machine learning in healthcare,,detail_error_400,"{""error"":""Unrecognized or unsupported fields: [doi]""}
"
2025-10-03T20:57:39.985434+00:00,semantic_scholar,machine learning in healthcare,,detail_error_400,"{""error"":""Unrecognized or unsupported fields: [doi]""}
"
2025-10-03T20:57:40.893089+00:00,semantic_scholar,machine learning in healthcare,,detail_error_400,"{""error"":""Unrecognized or unsupported fields: [doi]""}
"
2025-10-03T20:57:41.095805+00:00,semantic_scholar,machine learning in healthcare,C:\MyFolder\ProjekTipis\healtify-app\training\data\raw\semantic_scholar_machine_learning_in_healthcare_1759525061.json,success,"search_returned:5, details_returned:0"
2025-10-03T20:57:44.530830+00:00,pubmed,causes of diabetes,C:\MyFolder\ProjekTipis\healtify-app\training\data\raw\pubmed_causes_of_diabetes_1759525064.xml,success,5 articles retrieved.
2025-10-03T20:57:46.539910+00:00,crossref,causes of diabetes,C:\MyFolder\ProjekTipis\healtify-app\training\data\raw\crossref_causes_of_diabetes_1759525066.json,success,5 articles retrieved.
2025-10-03T20:57:49.816332+00:00,semantic_scholar,causes of diabetes,,detail_error_400,"{""error"":""Unrecognized or unsupported fields: [doi]""}
"
2025-10-03T20:57:50.386359+00:00,semantic_scholar,causes of diabetes,,detail_error_400,"{""error"":""Unrecognized or unsupported fields: [doi]""}
"
2025-10-03T20:57:51.268253+00:00,semantic_scholar,causes of diabetes,,detail_error_400,"{""error"":""Unrecognized or unsupported fields: [doi]""}
"
2025-10-03T20:57:52.153237+00:00,semantic_scholar,causes of diabetes,,detail_error_400,"{""error"":""Unrecognized or unsupported fields: [doi]""}
"
2025-10-03T20:57:53.099081+00:00,semantic_scholar,causes of diabetes,,detail_error_400,"{""error"":""Unrecognized or unsupported fields: [doi]""}
"
2025-10-03T20:57:53.302477+00:00,semantic_scholar,causes of diabetes,C:\MyFolder\ProjekTipis\healtify-app\training\data\raw\semantic_scholar_causes_of_diabetes_1759525073.json,success,"search_returned:5, details_returned:0"
2025-10-03T20:57:56.741804+00:00,pubmed,mental health and exercise,C:\MyFolder\ProjekTipis\healtify-app\training\data\raw\pubmed_mental_health_and_exercise_1759525076.xml,success,5 articles retrieved.
2025-10-03T20:57:58.745013+00:00,crossref,mental health and exercise,C:\MyFolder\ProjekTipis\healtify-app\training\data\raw\crossref_mental_health_and_exercise_1759525078.json,success,5 articles retrieved.
2025-10-03T20:58:01.906548+00:00,semantic_scholar,mental health and exercise,,detail_error_400,"{""error"":""Unrecognized or unsupported fields: [doi]""}
"
2025-10-03T20:58:02.824212+00:00,semantic_scholar,mental health and exercise,,detail_error_400,"{""error"":""Unrecognized or unsupported fields: [doi]""}
"
2025-10-03T20:58:03.360206+00:00,semantic_scholar,mental health and exercise,,detail_error_400,"{""error"":""Unrecognized or unsupported fields: [doi]""}
"
2025-10-03T20:58:03.985834+00:00,semantic_scholar,mental health and exercise,,detail_error_400,"{""error"":""Unrecognized or unsupported fields: [doi]""}
"
2025-10-03T20:58:04.541516+00:00,semantic_scholar,mental health and exercise,,detail_error_400,"{""error"":""Unrecognized or unsupported fields: [doi]""}
"
2025-10-03T20:58:04.745310+00:00,semantic_scholar,mental health and exercise,C:\MyFolder\ProjekTipis\healtify-app\training\data\raw\semantic_scholar_mental_health_and_exercise_1759525084.json,success,"search_returned:5, details_returned:0"
2025-10-07T17:44:37.945187+00:00,pubmed,covid-19,C:\MyFolder\ProjekTipis\healtify-app\training\data\raw\pubmed_covid-19_1759859077.xml,success,5 articles retrieved.
2025-10-07T17:44:40.371666+00:00,crossref,covid-19,C:\MyFolder\ProjekTipis\healtify-app\training\data\raw\crossref_covid-19_1759859080.json,success,5 articles retrieved.
2025-10-07T17:44:49.659138+00:00,semantic_scholar,covid-19,,detail_error_400,"{""error"":""Unrecognized or unsupported fields: [doi]""}
"
2025-10-07T17:44:50.569098+00:00,semantic_scholar,covid-19,,detail_error_400,"{""error"":""Unrecognized or unsupported fields: [doi]""}
"
2025-10-07T17:44:51.447792+00:00,semantic_scholar,covid-19,,detail_error_400,"{""error"":""Unrecognized or unsupported fields: [doi]""}
"
2025-10-07T17:44:52.329308+00:00,semantic_scholar,covid-19,,detail_error_400,"{""error"":""Unrecognized or unsupported fields: [doi]""}
"
2025-10-07T17:44:58.208879+00:00,semantic_scholar,covid-19,,detail_error_400,"{""error"":""Unrecognized or unsupported fields: [doi]""}
"
2025-10-07T17:44:58.410843+00:00,semantic_scholar,covid-19,C:\MyFolder\ProjekTipis\healtify-app\training\data\raw\semantic_scholar_covid-19_1759859098.json,success,"search_returned:5, details_returned:0"
2025-10-07T17:45:01.551514+00:00,pubmed,machine learning in healthcare,C:\MyFolder\ProjekTipis\healtify-app\training\data\raw\pubmed_machine_learning_in_healthcare_1759859101.xml,success,5 articles retrieved.
2025-10-07T17:45:03.928616+00:00,crossref,machine learning in healthcare,C:\MyFolder\ProjekTipis\healtify-app\training\data\raw\crossref_machine_learning_in_healthcare_1759859103.json,success,5 articles retrieved.
2025-10-07T17:45:07.141255+00:00,semantic_scholar,machine learning in healthcare,,detail_error_400,"{""error"":""Unrecognized or unsupported fields: [doi]""}
"
2025-10-07T17:45:08.029057+00:00,semantic_scholar,machine learning in healthcare,,detail_error_400,"{""error"":""Unrecognized or unsupported fields: [doi]""}
"
2025-10-07T17:45:08.936380+00:00,semantic_scholar,machine learning in healthcare,,detail_error_400,"{""error"":""Unrecognized or unsupported fields: [doi]""}
"
2025-10-07T17:45:09.815044+00:00,semantic_scholar,machine learning in healthcare,,detail_error_400,"{""error"":""Unrecognized or unsupported fields: [doi]""}
"
2025-10-07T17:45:10.745496+00:00,semantic_scholar,machine learning in healthcare,,detail_error_400,"{""error"":""Unrecognized or unsupported fields: [doi]""}
"
2025-10-07T17:45:10.948311+00:00,semantic_scholar,machine learning in healthcare,C:\MyFolder\ProjekTipis\healtify-app\training\data\raw\semantic_scholar_machine_learning_in_healthcare_1759859110.json,success,"search_returned:5, details_returned:0"
2025-10-07T17:45:14.544632+00:00,pubmed,causes of diabetes,C:\MyFolder\ProjekTipis\healtify-app\training\data\raw\pubmed_causes_of_diabetes_1759859114.xml,success,5 articles retrieved.
2025-10-07T17:45:16.887650+00:00,crossref,causes of diabetes,C:\MyFolder\ProjekTipis\healtify-app\training\data\raw\crossref_causes_of_diabetes_1759859116.json,success,5 articles retrieved.
2025-10-07T17:45:20.288924+00:00,semantic_scholar,causes of diabetes,,detail_error_400,"{""error"":""Unrecognized or unsupported fields: [doi]""}
"
2025-10-07T17:45:21.183250+00:00,semantic_scholar,causes of diabetes,,detail_error_400,"{""error"":""Unrecognized or unsupported fields: [doi]""}
"
2025-10-07T17:45:22.046589+00:00,semantic_scholar,causes of diabetes,,detail_error_400,"{""error"":""Unrecognized or unsupported fields: [doi]""}
"
2025-10-07T17:45:22.944601+00:00,semantic_scholar,causes of diabetes,,detail_error_400,"{""error"":""Unrecognized or unsupported fields: [doi]""}
"
2025-10-07T17:45:24.010676+00:00,semantic_scholar,causes of diabetes,,detail_error_400,"{""error"":""Unrecognized or unsupported fields: [doi]""}
"
2025-10-07T17:45:24.215009+00:00,semantic_scholar,causes of diabetes,C:\MyFolder\ProjekTipis\healtify-app\training\data\raw\semantic_scholar_causes_of_diabetes_1759859124.json,success,"search_returned:5, details_returned:0"
2025-10-07T17:45:27.751923+00:00,pubmed,mental health and exercise,C:\MyFolder\ProjekTipis\healtify-app\training\data\raw\pubmed_mental_health_and_exercise_1759859127.xml,success,5 articles retrieved.
2025-10-07T17:45:30.335644+00:00,crossref,mental health and exercise,C:\MyFolder\ProjekTipis\healtify-app\training\data\raw\crossref_mental_health_and_exercise_1759859130.json,success,5 articles retrieved.
2025-10-07T17:45:33.766172+00:00,semantic_scholar,mental health and exercise,,detail_error_400,"{""error"":""Unrecognized or unsupported fields: [doi]""}
"
2025-10-07T17:45:34.339186+00:00,semantic_scholar,mental health and exercise,,detail_error_400,"{""error"":""Unrecognized or unsupported fields: [doi]""}
"
2025-10-07T17:45:35.211150+00:00,semantic_scholar,mental health and exercise,,detail_error_400,"{""error"":""Unrecognized or unsupported fields: [doi]""}
"
2025-10-07T17:45:35.781127+00:00,semantic_scholar,mental health and exercise,,detail_error_400,"{""error"":""Unrecognized or unsupported fields: [doi]""}
"
2025-10-07T17:45:36.760532+00:00,semantic_scholar,mental health and exercise,,detail_error_400,"{""error"":""Unrecognized or unsupported fields: [doi]""}
"
2025-10-07T17:45:36.965076+00:00,semantic_scholar,mental health and exercise,C:\MyFolder\ProjekTipis\healtify-app\training\data\raw\semantic_scholar_mental_health_and_exercise_1759859136.json,success,"search_returned:5, details_returned:0"
2025-10-07T17:58:14.773156+00:00,pubmed,covid-19,C:\MyFolder\ProjekTipis\healtify-app\training\data\raw\pubmed_covid-19_1759859894.xml,success,5 articles retrieved.
2025-10-07T17:58:20.827239+00:00,crossref,covid-19,C:\MyFolder\ProjekTipis\healtify-app\training\data\raw\crossref_covid-19_1759859900.json,success,5 articles retrieved.
2025-10-07T17:58:25.957813+00:00,semantic_scholar,covid-19,,detail_error_400,"{""error"":""Unrecognized or unsupported fields: [doi]""}
"
2025-10-07T17:58:26.857221+00:00,semantic_scholar,covid-19,,detail_error_400,"{""error"":""Unrecognized or unsupported fields: [doi]""}
"
2025-10-07T17:58:27.760915+00:00,semantic_scholar,covid-19,,detail_error_400,"{""error"":""Unrecognized or unsupported fields: [doi]""}
"
2025-10-07T17:58:28.678261+00:00,semantic_scholar,covid-19,,detail_error_400,"{""error"":""Unrecognized or unsupported fields: [doi]""}
"
2025-10-07T17:58:29.226603+00:00,semantic_scholar,covid-19,,detail_error_400,"{""error"":""Unrecognized or unsupported fields: [doi]""}
"
2025-10-07T17:58:29.430069+00:00,semantic_scholar,covid-19,C:\MyFolder\ProjekTipis\healtify-app\training\data\raw\semantic_scholar_covid-19_1759859909.json,success,"search_returned:5, details_returned:0"
2025-10-07T17:58:32.815997+00:00,pubmed,machine learning in healthcare,C:\MyFolder\ProjekTipis\healtify-app\training\data\raw\pubmed_machine_learning_in_healthcare_1759859912.xml,success,5 articles retrieved.
2025-10-07T17:58:35.174941+00:00,crossref,machine learning in healthcare,C:\MyFolder\ProjekTipis\healtify-app\training\data\raw\crossref_machine_learning_in_healthcare_1759859915.json,success,5 articles retrieved.
2025-10-07T17:58:38.833655+00:00,semantic_scholar,machine learning in healthcare,,detail_error_400,"{""error"":""Unrecognized or unsupported fields: [doi]""}
"
2025-10-07T17:58:39.707871+00:00,semantic_scholar,machine learning in healthcare,,detail_error_400,"{""error"":""Unrecognized or unsupported fields: [doi]""}
"
2025-10-07T17:58:40.597165+00:00,semantic_scholar,machine learning in healthcare,,detail_error_400,"{""error"":""Unrecognized or unsupported fields: [doi]""}
"
2025-10-07T17:58:46.146054+00:00,semantic_scholar,machine learning in healthcare,,detail_error_400,"{""error"":""Unrecognized or unsupported fields: [doi]""}
"
2025-10-07T17:58:47.036663+00:00,semantic_scholar,machine learning in healthcare,,detail_error_400,"{""error"":""Unrecognized or unsupported fields: [doi]""}
"
2025-10-07T17:58:47.240863+00:00,semantic_scholar,machine learning in healthcare,C:\MyFolder\ProjekTipis\healtify-app\training\data\raw\semantic_scholar_machine_learning_in_healthcare_1759859927.json,success,"search_returned:5, details_returned:0"
2025-10-07T17:58:50.706345+00:00,pubmed,causes of diabetes,C:\MyFolder\ProjekTipis\healtify-app\training\data\raw\pubmed_causes_of_diabetes_1759859930.xml,success,5 articles retrieved.
2025-10-07T17:58:53.145488+00:00,crossref,causes of diabetes,C:\MyFolder\ProjekTipis\healtify-app\training\data\raw\crossref_causes_of_diabetes_1759859933.json,success,5 articles retrieved.
2025-10-07T17:58:56.742883+00:00,semantic_scholar,causes of diabetes,,detail_error_400,"{""error"":""Unrecognized or unsupported fields: [doi]""}
"
2025-10-07T17:58:57.613762+00:00,semantic_scholar,causes of diabetes,,detail_error_400,"{""error"":""Unrecognized or unsupported fields: [doi]""}
"
2025-10-07T17:58:58.490313+00:00,semantic_scholar,causes of diabetes,,detail_error_400,"{""error"":""Unrecognized or unsupported fields: [doi]""}
"
2025-10-07T17:58:59.375082+00:00,semantic_scholar,causes of diabetes,,detail_error_400,"{""error"":""Unrecognized or unsupported fields: [doi]""}
"
2025-10-07T17:59:00.743020+00:00,semantic_scholar,causes of diabetes,,detail_error_400,"{""error"":""Unrecognized or unsupported fields: [doi]""}
"
2025-10-07T17:59:00.945930+00:00,semantic_scholar,causes of diabetes,C:\MyFolder\ProjekTipis\healtify-app\training\data\raw\semantic_scholar_causes_of_diabetes_1759859940.json,success,"search_returned:5, details_returned:0"
2025-10-07T17:59:04.346892+00:00,pubmed,mental health and exercise,C:\MyFolder\ProjekTipis\healtify-app\training\data\raw\pubmed_mental_health_and_exercise_1759859944.xml,success,5 articles retrieved.
2025-10-07T17:59:06.845032+00:00,crossref,mental health and exercise,C:\MyFolder\ProjekTipis\healtify-app\training\data\raw\crossref_mental_health_and_exercise_1759859946.json,success,5 articles retrieved.
2025-10-07T17:59:10.482927+00:00,semantic_scholar,mental health and exercise,,detail_error_400,"{""error"":""Unrecognized or unsupported fields: [doi]""}
"
2025-10-07T17:59:11.389400+00:00,semantic_scholar,mental health and exercise,,detail_error_400,"{""error"":""Unrecognized or unsupported fields: [doi]""}
"
2025-10-07T17:59:12.280180+00:00,semantic_scholar,mental health and exercise,,detail_error_400,"{""error"":""Unrecognized or unsupported fields: [doi]""}
"
2025-10-07T17:59:13.190066+00:00,semantic_scholar,mental health and exercise,,detail_error_400,"{""error"":""Unrecognized or unsupported fields: [doi]""}
"
2025-10-07T17:59:14.109218+00:00,semantic_scholar,mental health and exercise,,detail_error_400,"{""error"":""Unrecognized or unsupported fields: [doi]""}
"
2025-10-07T17:59:14.315279+00:00,semantic_scholar,mental health and exercise,C:\MyFolder\ProjekTipis\healtify-app\training\data\raw\semantic_scholar_mental_health_and_exercise_1759859954.json,success,"search_returned:5, details_returned:0"
2025-10-07T17:59:23.391116+00:00,pubmed,covid-19,C:\MyFolder\ProjekTipis\healtify-app\training\data\raw\pubmed_covid-19_1759859963.xml,success,5 articles retrieved.
2025-10-07T17:59:25.960811+00:00,crossref,covid-19,C:\MyFolder\ProjekTipis\healtify-app\training\data\raw\crossref_covid-19_1759859965.json,success,5 articles retrieved.
2025-10-07T17:59:29.579444+00:00,semantic_scholar,covid-19,,detail_error_400,"{""error"":""Unrecognized or unsupported fields: [doi]""}
"
2025-10-07T17:59:30.478093+00:00,semantic_scholar,covid-19,,detail_error_400,"{""error"":""Unrecognized or unsupported fields: [doi]""}
"
2025-10-07T17:59:31.350459+00:00,semantic_scholar,covid-19,,detail_error_400,"{""error"":""Unrecognized or unsupported fields: [doi]""}
"
2025-10-07T17:59:31.881512+00:00,semantic_scholar,covid-19,,detail_error_400,"{""error"":""Unrecognized or unsupported fields: [doi]""}
"
2025-10-07T17:59:32.758138+00:00,semantic_scholar,covid-19,,detail_error_400,"{""error"":""Unrecognized or unsupported fields: [doi]""}
"
2025-10-07T17:59:32.964396+00:00,semantic_scholar,covid-19,C:\MyFolder\ProjekTipis\healtify-app\training\data\raw\semantic_scholar_covid-19_1759859972.json,success,"search_returned:5, details_returned:0"
2025-10-07T17:59:36.087991+00:00,pubmed,machine learning in healthcare,C:\MyFolder\ProjekTipis\healtify-app\training\data\raw\pubmed_machine_learning_in_healthcare_1759859976.xml,success,5 articles retrieved.
2025-10-07T17:59:38.375874+00:00,crossref,machine learning in healthcare,C:\MyFolder\ProjekTipis\healtify-app\training\data\raw\crossref_machine_learning_in_healthcare_1759859978.json,success,5 articles retrieved.
2025-10-07T17:59:41.635473+00:00,semantic_scholar,machine learning in healthcare,,detail_error_400,"{""error"":""Unrecognized or unsupported fields: [doi]""}
"
2025-10-07T17:59:47.620499+00:00,semantic_scholar,machine learning in healthcare,,detail_error_400,"{""error"":""Unrecognized or unsupported fields: [doi]""}
"
2025-10-07T17:59:48.864175+00:00,semantic_scholar,machine learning in healthcare,,detail_error_400,"{""error"":""Unrecognized or unsupported fields: [doi]""}
"
2025-10-07T17:59:49.742250+00:00,semantic_scholar,machine learning in healthcare,,detail_error_400,"{""error"":""Unrecognized or unsupported fields: [doi]""}
"
2025-10-07T17:59:50.286336+00:00,semantic_scholar,machine learning in healthcare,,detail_error_400,"{""error"":""Unrecognized or unsupported fields: [doi]""}
"
2025-10-07T17:59:50.491458+00:00,semantic_scholar,machine learning in healthcare,C:\MyFolder\ProjekTipis\healtify-app\training\data\raw\semantic_scholar_machine_learning_in_healthcare_1759859990.json,success,"search_returned:5, details_returned:0"
2025-10-07T17:59:54.115055+00:00,pubmed,causes of diabetes,C:\MyFolder\ProjekTipis\healtify-app\training\data\raw\pubmed_causes_of_diabetes_1759859994.xml,success,5 articles retrieved.
2025-10-07T17:59:56.450683+00:00,crossref,causes of diabetes,C:\MyFolder\ProjekTipis\healtify-app\training\data\raw\crossref_causes_of_diabetes_1759859996.json,success,5 articles retrieved.
2025-10-07T18:00:05.116136+00:00,semantic_scholar,causes of diabetes,,detail_error_400,"{""error"":""Unrecognized or unsupported fields: [doi]""}
"
2025-10-07T18:00:06.003964+00:00,semantic_scholar,causes of diabetes,,detail_error_400,"{""error"":""Unrecognized or unsupported fields: [doi]""}
"
2025-10-07T18:00:08.605131+00:00,semantic_scholar,causes of diabetes,,detail_error_400,"{""error"":""Unrecognized or unsupported fields: [doi]""}
"
2025-10-07T18:00:09.781564+00:00,semantic_scholar,causes of diabetes,,detail_error_400,"{""error"":""Unrecognized or unsupported fields: [doi]""}
"
2025-10-07T18:00:10.657928+00:00,semantic_scholar,causes of diabetes,,detail_error_400,"{""error"":""Unrecognized or unsupported fields: [doi]""}
"
2025-10-07T18:00:10.860864+00:00,semantic_scholar,causes of diabetes,C:\MyFolder\ProjekTipis\healtify-app\training\data\raw\semantic_scholar_causes_of_diabetes_1759860010.json,success,"search_returned:5, details_returned:0"
2025-10-07T18:00:14.358251+00:00,pubmed,mental health and exercise,C:\MyFolder\ProjekTipis\healtify-app\training\data\raw\pubmed_mental_health_and_exercise_1759860014.xml,success,5 articles retrieved.
2025-10-07T18:00:22.840044+00:00,crossref,mental health and exercise,C:\MyFolder\ProjekTipis\healtify-app\training\data\raw\crossref_mental_health_and_exercise_1759860022.json,success,5 articles retrieved.
2025-10-07T18:00:25.878030+00:00,semantic_scholar,mental health and exercise,,detail_error_400,"{""error"":""Unrecognized or unsupported fields: [doi]""}
"
2025-10-07T18:00:26.756484+00:00,semantic_scholar,mental health and exercise,,detail_error_400,"{""error"":""Unrecognized or unsupported fields: [doi]""}
"
2025-10-07T18:00:28.948724+00:00,semantic_scholar,mental health and exercise,,detail_error_400,"{""error"":""Unrecognized or unsupported fields: [doi]""}
"
2025-10-07T18:00:29.886100+00:00,semantic_scholar,mental health and exercise,,detail_error_400,"{""error"":""Unrecognized or unsupported fields: [doi]""}
"
2025-10-07T18:00:30.762608+00:00,semantic_scholar,mental health and exercise,,detail_error_400,"{""error"":""Unrecognized or unsupported fields: [doi]""}
"
2025-10-07T18:00:30.967102+00:00,semantic_scholar,mental health and exercise,C:\MyFolder\ProjekTipis\healtify-app\training\data\raw\semantic_scholar_mental_health_and_exercise_1759860030.json,success,"search_returned:5, details_returned:0"
2025-10-07T18:00:34.710400+00:00,pubmed,advancements in cancer treatment,C:\MyFolder\ProjekTipis\healtify-app\training\data\raw\pubmed_advancements_in_cancer_treatment_1759860034.xml,success,5 articles retrieved.
2025-10-07T18:00:37.361148+00:00,crossref,advancements in cancer treatment,C:\MyFolder\ProjekTipis\healtify-app\training\data\raw\crossref_advancements_in_cancer_treatment_1759860037.json,success,5 articles retrieved.
2025-10-07T18:00:40.648341+00:00,semantic_scholar,advancements in cancer treatment,,detail_error_400,"{""error"":""Unrecognized or unsupported fields: [doi]""}
"
2025-10-07T18:00:43.273187+00:00,semantic_scholar,advancements in cancer treatment,,detail_error_400,"{""error"":""Unrecognized or unsupported fields: [doi]""}
"
2025-10-07T18:00:44.376076+00:00,semantic_scholar,advancements in cancer treatment,,detail_error_400,"{""error"":""Unrecognized or unsupported fields: [doi]""}
"
2025-10-07T18:00:44.941990+00:00,semantic_scholar,advancements in cancer treatment,,detail_error_400,"{""error"":""Unrecognized or unsupported fields: [doi]""}
"
2025-10-07T18:00:50.879161+00:00,semantic_scholar,advancements in cancer treatment,,detail_error_400,"{""error"":""Unrecognized or unsupported fields: [doi]""}
"
2025-10-07T18:00:51.082079+00:00,semantic_scholar,advancements in cancer treatment,C:\MyFolder\ProjekTipis\healtify-app\training\data\raw\semantic_scholar_advancements_in_cancer_treatment_1759860051.json,success,"search_returned:5, details_returned:0"
2025-10-07T18:09:55.175255+00:00,pubmed,covid-19,C:\MyFolder\ProjekTipis\healtify-app\training\data\raw\pubmed_covid-19_1759860595.xml,success,5 articles retrieved.
2025-10-07T18:09:57.751401+00:00,crossref,covid-19,C:\MyFolder\ProjekTipis\healtify-app\training\data\raw\crossref_covid-19_1759860597.json,success,5 articles retrieved.
2025-10-07T18:10:01.584916+00:00,semantic_scholar,covid-19,,detail_error_400,"{""error"":""Unrecognized or unsupported fields: [doi]""}
"
2025-10-07T18:10:02.124618+00:00,semantic_scholar,covid-19,,detail_error_400,"{""error"":""Unrecognized or unsupported fields: [doi]""}
"
2025-10-07T18:10:03.001727+00:00,semantic_scholar,covid-19,,detail_error_400,"{""error"":""Unrecognized or unsupported fields: [doi]""}
"
2025-10-07T18:10:06.084399+00:00,semantic_scholar,covid-19,,detail_error_400,"{""error"":""Unrecognized or unsupported fields: [doi]""}
"
2025-10-07T18:10:07.048790+00:00,semantic_scholar,covid-19,,detail_error_400,"{""error"":""Unrecognized or unsupported fields: [doi]""}
"
2025-10-07T18:10:07.250665+00:00,semantic_scholar,covid-19,C:\MyFolder\ProjekTipis\healtify-app\training\data\raw\semantic_scholar_covid-19_1759860607.json,success,"search_returned:5, details_returned:0"
2025-10-07T18:10:10.379114+00:00,pubmed,machine learning in healthcare,C:\MyFolder\ProjekTipis\healtify-app\training\data\raw\pubmed_machine_learning_in_healthcare_1759860610.xml,success,5 articles retrieved.
2025-10-07T18:10:25.859392+00:00,crossref,machine learning in healthcare,C:\MyFolder\ProjekTipis\healtify-app\training\data\raw\crossref_machine_learning_in_healthcare_1759860625.json,success,5 articles retrieved.
2025-10-07T18:10:29.052264+00:00,semantic_scholar,machine learning in healthcare,,detail_error_400,"{""error"":""Unrecognized or unsupported fields: [doi]""}
"
2025-10-07T18:10:29.951895+00:00,semantic_scholar,machine learning in healthcare,,detail_error_400,"{""error"":""Unrecognized or unsupported fields: [doi]""}
"
2025-10-07T18:10:30.853336+00:00,semantic_scholar,machine learning in healthcare,,detail_error_400,"{""error"":""Unrecognized or unsupported fields: [doi]""}
"
2025-10-07T18:10:31.765538+00:00,semantic_scholar,machine learning in healthcare,,detail_error_400,"{""error"":""Unrecognized or unsupported fields: [doi]""}
"
2025-10-07T18:10:32.355873+00:00,semantic_scholar,machine learning in healthcare,,detail_error_400,"{""error"":""Unrecognized or unsupported fields: [doi]""}
"
2025-10-07T18:10:32.559557+00:00,semantic_scholar,machine learning in healthcare,C:\MyFolder\ProjekTipis\healtify-app\training\data\raw\semantic_scholar_machine_learning_in_healthcare_1759860632.json,success,"search_returned:5, details_returned:0"
2025-10-07T18:10:36.340072+00:00,pubmed,causes of diabetes,C:\MyFolder\ProjekTipis\healtify-app\training\data\raw\pubmed_causes_of_diabetes_1759860636.xml,success,5 articles retrieved.
2025-10-07T18:10:38.958517+00:00,crossref,causes of diabetes,C:\MyFolder\ProjekTipis\healtify-app\training\data\raw\crossref_causes_of_diabetes_1759860638.json,success,5 articles retrieved.
2025-10-07T18:10:42.657197+00:00,semantic_scholar,causes of diabetes,,detail_error_400,"{""error"":""Unrecognized or unsupported fields: [doi]""}
"
2025-10-07T18:10:43.556840+00:00,semantic_scholar,causes of diabetes,,detail_error_400,"{""error"":""Unrecognized or unsupported fields: [doi]""}
"
2025-10-07T18:10:44.115174+00:00,semantic_scholar,causes of diabetes,,detail_error_400,"{""error"":""Unrecognized or unsupported fields: [doi]""}
"
2025-10-07T18:10:48.983264+00:00,semantic_scholar,causes of diabetes,,detail_error_400,"{""error"":""Unrecognized or unsupported fields: [doi]""}
"
2025-10-07T18:10:50.049422+00:00,semantic_scholar,causes of diabetes,,detail_error_400,"{""error"":""Unrecognized or unsupported fields: [doi]""}
"
2025-10-07T18:10:50.253350+00:00,semantic_scholar,causes of diabetes,C:\MyFolder\ProjekTipis\healtify-app\training\data\raw\semantic_scholar_causes_of_diabetes_1759860650.json,success,"search_returned:5, details_returned:0"
2025-10-07T18:10:53.694183+00:00,pubmed,mental health and exercise,C:\MyFolder\ProjekTipis\healtify-app\training\data\raw\pubmed_mental_health_and_exercise_1759860653.xml,success,5 articles retrieved.
2025-10-07T18:10:56.169644+00:00,crossref,mental health and exercise,C:\MyFolder\ProjekTipis\healtify-app\training\data\raw\crossref_mental_health_and_exercise_1759860656.json,success,5 articles retrieved.
2025-10-07T18:11:00.357548+00:00,semantic_scholar,mental health and exercise,,detail_error_400,"{""error"":""Unrecognized or unsupported fields: [doi]""}
"
2025-10-07T18:11:01.297225+00:00,semantic_scholar,mental health and exercise,,detail_error_400,"{""error"":""Unrecognized or unsupported fields: [doi]""}
"
2025-10-07T18:11:02.182081+00:00,semantic_scholar,mental health and exercise,,detail_error_400,"{""error"":""Unrecognized or unsupported fields: [doi]""}
"
2025-10-07T18:11:03.340909+00:00,semantic_scholar,mental health and exercise,,detail_error_400,"{""error"":""Unrecognized or unsupported fields: [doi]""}
"
2025-10-07T18:11:04.225051+00:00,semantic_scholar,mental health and exercise,,detail_error_400,"{""error"":""Unrecognized or unsupported fields: [doi]""}
"
2025-10-07T18:11:04.429034+00:00,semantic_scholar,mental health and exercise,C:\MyFolder\ProjekTipis\healtify-app\training\data\raw\semantic_scholar_mental_health_and_exercise_1759860664.json,success,"search_returned:5, details_returned:0"
2025-10-07T18:11:08.072530+00:00,pubmed,advancements in cancer treatment,C:\MyFolder\ProjekTipis\healtify-app\training\data\raw\pubmed_advancements_in_cancer_treatment_1759860668.xml,success,5 articles retrieved.
2025-10-07T18:11:10.781964+00:00,crossref,advancements in cancer treatment,C:\MyFolder\ProjekTipis\healtify-app\training\data\raw\crossref_advancements_in_cancer_treatment_1759860670.json,success,5 articles retrieved.
2025-10-07T18:11:14.192397+00:00,semantic_scholar,advancements in cancer treatment,,detail_error_400,"{""error"":""Unrecognized or unsupported fields: [doi]""}
"
2025-10-07T18:11:14.742819+00:00,semantic_scholar,advancements in cancer treatment,,detail_error_400,"{""error"":""Unrecognized or unsupported fields: [doi]""}
"
2025-10-07T18:11:15.622841+00:00,semantic_scholar,advancements in cancer treatment,,detail_error_400,"{""error"":""Unrecognized or unsupported fields: [doi]""}
"
2025-10-07T18:11:16.185468+00:00,semantic_scholar,advancements in cancer treatment,,detail_error_400,"{""error"":""Unrecognized or unsupported fields: [doi]""}
"
2025-10-07T18:11:17.088912+00:00,semantic_scholar,advancements in cancer treatment,,detail_error_400,"{""error"":""Unrecognized or unsupported fields: [doi]""}
"
2025-10-07T18:11:17.292897+00:00,semantic_scholar,advancements in cancer treatment,C:\MyFolder\ProjekTipis\healtify-app\training\data\raw\semantic_scholar_advancements_in_cancer_treatment_1759860677.json,success,"search_returned:5, details_returned:0"
